old_url,action,new_url,reason
/insights/estimate-2bhk-interior-south-delhi,301,/insights/2-bhk-interior-cost-south-delhi-guide,near-duplicate of the kept article (same search intent)
/insights/avoid-mistakes-interior-renovation-gurgaon,301,/insights/avoid-costly-mistakes-interior-execution-gurgaon,near-duplicate of the kept article (same search intent)
/insights/turnkey-interior-cost-gurgaon-mistakes,301,/insights/avoid-costly-mistakes-interior-execution-gurgaon,near-duplicate of the kept article (same search intent)
/insights/avoid-bespoke-furniture-mistakes-delhi,301,/insights/avoid-mistakes-custom-furniture-delhi,near-duplicate of the kept article (same search intent)
/insights/common-mistakes-in-luxury-furniture-delhi,301,/insights/avoid-mistakes-custom-furniture-delhi,near-duplicate of the kept article (same search intent)
/insights/luxury-furniture-design-mistakes,301,/insights/avoid-mistakes-custom-furniture-delhi,near-duplicate of the kept article (same search intent)
/insights/avoid-wardrobe-mistakes-gurgaon,301,/insights/avoid-mistakes-custom-wardrobe-gurgaon,near-duplicate of the kept article (same search intent)
/insights/turnkey-interior-mistakes-south-delhi,301,/insights/avoid-turnkey-mistakes-delhi,near-duplicate of the kept article (same search intent)
/insights/choose-flooring-indian-homes,301,/insights/best-flooring-material-indian-homes,near-duplicate of the kept article (same search intent)
/insights/flooring-material-comparison,301,/insights/best-flooring-material-indian-homes,near-duplicate of the kept article (same search intent)
/insights/choose-plywood-delhi-ncr,301,/insights/best-plywood-brands-india-comparison,near-duplicate of the kept article (same search intent)
/insights/plywood-for-wardrobe-material-comparison,301,/insights/best-plywood-wardrobe-guide,near-duplicate of the kept article (same search intent)
/insights/avoid-costly-mistakes-maharani-bagh,301,/insights/bungalow-makeover-maharani-bagh,near-duplicate of the kept article (same search intent)
/insights/luxury-interior-designer-maharani-bagh-cost-guide,301,/insights/bungalow-makeover-maharani-bagh,near-duplicate of the kept article (same search intent)
/insights/maharani-bagh-interior-mistakes,301,/insights/bungalow-makeover-maharani-bagh,near-duplicate of the kept article (same search intent)
/insights/carcass-construction-comparison-delhi-ncr,301,/insights/carcass-construction-guide-delhi-ncr,near-duplicate of the kept article (same search intent)
/insights/carcass-construction-guide-delhi,301,/insights/carcass-construction-guide-delhi-ncr,near-duplicate of the kept article (same search intent)
/insights/carcass-construction-material-comparison,301,/insights/carcass-construction-guide-delhi-ncr,near-duplicate of the kept article (same search intent)
/insights/avoid-mistakes-luxury-interior-vasant-vihar,301,/insights/choose-home-interior-designer-vasant-vihar,near-duplicate of the kept article (same search intent)
/insights/luxury-interior-design-vasant-virar-guide,301,/insights/choose-home-interior-designer-vasant-vihar,near-duplicate of the kept article (same search intent)
/insights/mistakes-in-vasant-vihar-home-design,301,/insights/choose-home-interior-designer-vasant-vihar,near-duplicate of the kept article (same search intent)
/insights/luxury-interior-designer-golf-course-road-guide,301,/insights/choose-interior-designer-golf-course-road,near-duplicate of the kept article (same search intent)
/insights/choose-luxury-farmhouse-designer,301,/insights/choose-luxury-farmhouse-designer-delhi,near-duplicate of the kept article (same search intent)
/insights/avoid-costly-mistakes-interior-designer-delhi,301,/insights/common-mistakes-interior-delhi,near-duplicate of the kept article (same search intent)
/insights/mistakes-in-luxury-interior-design,301,/insights/common-mistakes-interior-delhi,near-duplicate of the kept article (same search intent)
/insights/corporate-interior-cost-gurgaon-guide,301,/insights/corporate-interior-designer-gurgaon-cost-guide,near-duplicate of the kept article (same search intent)
/insights/office-interior-design-cost-guide,301,/insights/corporate-interior-designer-gurgaon-cost-guide,near-duplicate of the kept article (same search intent)
/insights/hiring-1bhk-interior-designer-south-delhi,301,/insights/cost-guide-1bhk-interior-designer-south-delhi,near-duplicate of the kept article (same search intent)
/insights/corporate-interior-cost-guide-south-delhi,301,/insights/cost-guide-commercial-interior-designer-south-delhi,near-duplicate of the kept article (same search intent)
/insights/cost-guide-villa-interior-new-gurgaon,301,/insights/cost-guide-residential-interior-designer-new-gurgaon,near-duplicate of the kept article (same search intent)
/insights/villa-interior-cost-guide-new-gurgaon,301,/insights/cost-guide-residential-interior-designer-new-gurgaon,near-duplicate of the kept article (same search intent)
/insights/avoid-costly-interior-design-mistakes-defence-colony,301,/insights/defence-colony-interior-design-cost-guide,near-duplicate of the kept article (same search intent)
/insights/hire-interior-designer-defence-colony,301,/insights/defence-colony-interior-design-cost-guide,near-duplicate of the kept article (same search intent)
/insights/home-interior-design-costs-defence-colony,301,/insights/defence-colony-interior-design-cost-guide,near-duplicate of the kept article (same search intent)
/insights/luxury-interior-designer-defence-colony-cost,301,/insights/defence-colony-interior-design-cost-guide,near-duplicate of the kept article (same search intent)
/insights/mistakes-avoid-interior-designer-defence-colony,301,/insights/defence-colony-interior-design-cost-guide,near-duplicate of the kept article (same search intent)
/insights/luxury-home-interior-design-cost-guide,301,/insights/delhi-luxury-interior-cost-guide,near-duplicate of the kept article (same search intent)
/insights/luxury-interior-design-costs-delhi,301,/insights/delhi-luxury-interior-cost-guide,near-duplicate of the kept article (same search intent)
/insights/turnkey-interior-cost-guide-delhi,301,/insights/delhi-luxury-interior-cost-guide,near-duplicate of the kept article (same search intent)
/insights/dlf-gurgaon-apartment-cost-guide,301,/insights/dlf-gurgaon-interior-design-cost-guide,near-duplicate of the kept article (same search intent)
/insights/interior-designer-dlf-gurgaon-step-guide,301,/insights/dlf-gurgaon-interior-design-cost-guide,near-duplicate of the kept article (same search intent)
/insights/luxury-apartment-cost-dlf-gurgaon,301,/insights/dlf-gurgaon-interior-design-cost-guide,near-duplicate of the kept article (same search intent)
/insights/luxury-villa-interior-design-gurgaon,301,/insights/dlf-gurgaon-interior-design-cost-guide,near-duplicate of the kept article (same search intent)
/insights/false-ceiling-lighting-design-ideas,301,/insights/false-ceiling-lighting-guide-delhi-ncr,near-duplicate of the kept article (same search intent)
/insights/false-ceiling-lighting-material-comparison,301,/insights/false-ceiling-lighting-guide-delhi-ncr,near-duplicate of the kept article (same search intent)
/insights/materials-false-ceiling-lighting-delhi-ncr,301,/insights/false-ceiling-lighting-guide-delhi-ncr,near-duplicate of the kept article (same search intent)
/insights/avoiding-mistakes-in-farmhouse-interior-design,301,/insights/farmhouse-design-mistakes-gurgaon,near-duplicate of the kept article (same search intent)
/insights/farmhouse-interior-mistakes-gurgaon,301,/insights/farmhouse-design-mistakes-gurgaon,near-duplicate of the kept article (same search intent)
/insights/luxury-farmhouse-designer-mistakes,301,/insights/farmhouse-design-mistakes-gurgaon,near-duplicate of the kept article (same search intent)
/insights/avoid-farmhouse-design-mistakes,301,/insights/farmhouse-design-south-delhi-mistakes,near-duplicate of the kept article (same search intent)
/insights/farmhouse-designer-mistakes-guide,301,/insights/farmhouse-design-south-delhi-mistakes,near-duplicate of the kept article (same search intent)
/insights/farmhouse-interior-cost-south-delhi-mistakes,301,/insights/farmhouse-design-south-delhi-mistakes,near-duplicate of the kept article (same search intent)
/insights/farmhouse-interior-mistakes-sainik-farms,301,/insights/farmhouse-design-south-delhi-mistakes,near-duplicate of the kept article (same search intent)
/insights/farmhouse-furniture-cost-guide-gurgaon-cost-guide,301,/insights/farmhouse-furniture-cost-guide-gurgaon,near-duplicate of the kept article (same search intent)
/insights/farmhouse-renovation-gurgaon-cost-guide,301,/insights/farmhouse-interior-cost-gurgaon-guide,near-duplicate of the kept article (same search intent)
/insights/cost-guide-farmhouse-designer-sainik-farms,301,/insights/farmhouse-interior-cost-south-delhi-guide,near-duplicate of the kept article (same search intent)
/insights/farmhouse-interior-cost-guide,301,/insights/farmhouse-interior-cost-south-delhi-guide,near-duplicate of the kept article (same search intent)
/insights/farmhouse-interior-design-cost-guide,301,/insights/farmhouse-interior-cost-south-delhi-guide,near-duplicate of the kept article (same search intent)
/insights/farmhouse-renovation-south-delhi-cost-guide,301,/insights/farmhouse-interior-cost-south-delhi-guide,near-duplicate of the kept article (same search intent)
/insights/luxury-interior-designer-sohna-road-mistakes,301,/insights/farmhouse-interior-guide-sohna-road,near-duplicate of the kept article (same search intent)
/insights/sohna-road-interior-designer,301,/insights/farmhouse-interior-guide-sohna-road,near-duplicate of the kept article (same search intent)
/insights/step-by-step-sohna-road-farmhouse-design,301,/insights/farmhouse-interior-guide-sohna-road,near-duplicate of the kept article (same search intent)
/insights/villa-interior-design-sohna-road,301,/insights/farmhouse-interior-guide-sohna-road,near-duplicate of the kept article (same search intent)
/insights/avoid-mistakes-friends-colony-interior-design,301,/insights/friends-colony-interior-design-guide,near-duplicate of the kept article (same search intent)
/insights/avoid-mistakes-interior-designer-friends-colony,301,/insights/friends-colony-interior-design-guide,near-duplicate of the kept article (same search intent)
/insights/interior-designer-friends-colony-guide,301,/insights/friends-colony-interior-design-guide,near-duplicate of the kept article (same search intent)
/insights/residential-interior-designer-friends-colony,301,/insights/friends-colony-interior-design-guide,near-duplicate of the kept article (same search intent)
/insights/hardware-brands-interior-comparison,301,/insights/hardware-comparison-interior-materials,near-duplicate of the kept article (same search intent)
/insights/plywood-for-kitchen-comparison,301,/insights/hdhmr-plywood-kitchen-comparison,near-duplicate of the kept article (same search intent)
/insights/avoid-mistakes-home-interior-designer-panchsheel,301,/insights/hire-luxury-designer-panchsheel-park,near-duplicate of the kept article (same search intent)
/insights/choose-home-interior-designer-panchsheel-park,301,/insights/hire-luxury-designer-panchsheel-park,near-duplicate of the kept article (same search intent)
/insights/luxury-interior-designer-panchsheel-park-cost-guide,301,/insights/hire-luxury-designer-panchsheel-park,near-duplicate of the kept article (same search intent)
/insights/farmhouse-design-process-gurgaon,301,/insights/hiring-farmhouse-interior-designer-gurgaon,near-duplicate of the kept article (same search intent)
/insights/gurgaon-farmhouse-interior-design-process,301,/insights/hiring-farmhouse-interior-designer-gurgaon,near-duplicate of the kept article (same search intent)
/insights/avoid-mistakes-hauz-khas-interior-design,301,/insights/hiring-home-interior-designer-hauz-khas,near-duplicate of the kept article (same search intent)
/insights/hauz-khas-interior-design-cost-guide,301,/insights/hiring-home-interior-designer-hauz-khas,near-duplicate of the kept article (same search intent)
/insights/hauz-khas-interior-design-cost-guide-cost-guide,301,/insights/hiring-home-interior-designer-hauz-khas,near-duplicate of the kept article (same search intent)
/insights/luxury-interior-designer-hauz-khas-guide,301,/insights/hiring-home-interior-designer-hauz-khas,near-duplicate of the kept article (same search intent)
/insights/interior-boq-vs-quotation-guide-material-comparison,301,/insights/interior-boq-vs-quotation-guide,near-duplicate of the kept article (same search intent)
/insights/interior-boq-vs-quotation-guide-material-comparison-2,301,/insights/interior-boq-vs-quotation-guide,near-duplicate of the kept article (same search intent)
/insights/interior-design-boq-quotation,301,/insights/interior-boq-vs-quotation-guide,near-duplicate of the kept article (same search intent)
/insights/gurgaon-interior-cost-guide,301,/insights/interior-design-cost-gurgaon,near-duplicate of the kept article (same search intent)
/insights/interior-designer-cost-gurgaon-budget-guide,301,/insights/interior-design-cost-gurgaon,near-duplicate of the kept article (same search intent)
/insights/luxury-interior-design-costs-in-gurgaon,301,/insights/interior-design-cost-gurgaon,near-duplicate of the kept article (same search intent)
/insights/planning-luxury-apartment-gurgaon,301,/insights/interior-design-cost-gurgaon,near-duplicate of the kept article (same search intent)
/insights/turnkey-interior-cost-gurgaon-guide,301,/insights/interior-design-cost-gurgaon,near-duplicate of the kept article (same search intent)
/insights/estimating-home-renovation-south-delhi,301,/insights/interior-design-cost-south-delhi-guide,near-duplicate of the kept article (same search intent)
/insights/south-delhi-interior-design-cost-guide,301,/insights/interior-design-cost-south-delhi-guide,near-duplicate of the kept article (same search intent)
/insights/interior-execution-timeline-material-choice,301,/insights/interior-execution-timeline-india,near-duplicate of the kept article (same search intent)
/insights/kitchen-cabinet-material-comparison-delhi-ncr,301,/insights/kitchen-cabinet-material-comparison,near-duplicate of the kept article (same search intent)
/insights/laminate-brand-comparison-delhi-ncr,301,/insights/laminate-comparison-delhi-ncr,near-duplicate of the kept article (same search intent)
/insights/avoid-design-mistakes-greater-kailash,301,/insights/luxury-interior-designer-greater-kailash-cost-guide,near-duplicate of the kept article (same search intent)
/insights/greater-kailash-budget-interior-design,301,/insights/luxury-interior-designer-greater-kailash-cost-guide,near-duplicate of the kept article (same search intent)
/insights/residential-interior-designer-greater-kailash-guide,301,/insights/luxury-interior-designer-greater-kailash-cost-guide,near-duplicate of the kept article (same search intent)
/insights/mistakes-hiring-interior-designer-new-gurgaon,301,/insights/luxury-interior-mistakes-new-gurgaon,near-duplicate of the kept article (same search intent)
/insights/residential-interior-design-mistakes,301,/insights/luxury-interior-mistakes-new-gurgaon,near-duplicate of the kept article (same search intent)
/insights/marble-vs-tile-flooring-cost-guide,301,/insights/marble-tile-flooring-cost-guide,near-duplicate of the kept article (same search intent)
/insights/modular-kitchen-material-cost-guide,301,/insights/modular-kitchen-cost-south-delhi,near-duplicate of the kept article (same search intent)
/insights/penthouse-cost-guide-gurgaon,301,/insights/penthouse-interior-cost-gurgaon-guide,near-duplicate of the kept article (same search intent)
/insights/penthouse-cost-guide-gurgaon-cost-guide,301,/insights/penthouse-interior-cost-gurgaon-guide,near-duplicate of the kept article (same search intent)
/insights/penthouse-design-cost-guide-gurgaon,301,/insights/penthouse-interior-cost-gurgaon-guide,near-duplicate of the kept article (same search intent)
/insights/penthouse-furniture-cost-guide,301,/insights/penthouse-interior-cost-gurgaon-guide,near-duplicate of the kept article (same search intent)
/insights/luxury-penthouse-interior-design-gurgaon,301,/insights/penthouse-renovation-gurgaon-guide,near-duplicate of the kept article (same search intent)
/insights/penthouse-interior-design-gurgaon-guide,301,/insights/penthouse-renovation-gurgaon-guide,near-duplicate of the kept article (same search intent)
/insights/avoiding-mistakes-in-luxury-apartment-design,301,/insights/penthouse-renovation-mistakes-gurgaon,near-duplicate of the kept article (same search intent)
/insights/penthouse-interior-design-mistakes,301,/insights/penthouse-renovation-mistakes-gurgaon,near-duplicate of the kept article (same search intent)
/insights/material-comparison-for-delhi-ncr-homes,301,/insights/plywood-hdhmr-comparison-delhi-ncr,near-duplicate of the kept article (same search intent)
/insights/reading-interior-design-boq,301,/insights/read-interior-design-boq-guide,near-duplicate of the kept article (same search intent)
/insights/reading-material-boq-guide,301,/insights/read-interior-design-boq-guide,near-duplicate of the kept article (same search intent)
/insights/avoid-costly-mistakes-vasant-kunj,301,/insights/step-by-step-vasant-kunj-interior,near-duplicate of the kept article (same search intent)
/insights/villa-furniture-design-south-delhi,301,/insights/villa-furniture-cost-guide-south-delhi,near-duplicate of the kept article (same search intent)
/insights/golf-course-extension-road-villa-cost-guide,301,/insights/villa-interior-cost-guide-gurgaon,near-duplicate of the kept article (same search intent)
/insights/gurgaon-villa-interior-design-cost-guide,301,/insights/villa-interior-cost-guide-gurgaon,near-duplicate of the kept article (same search intent)
/insights/luxury-villa-interior-cost-gurgaon,301,/insights/villa-interior-cost-guide-gurgaon,near-duplicate of the kept article (same search intent)
/insights/villa-interior-cost-golf-course-extension-road,301,/insights/villa-interior-cost-guide-gurgaon,near-duplicate of the kept article (same search intent)
/insights/villa-interior-cost-golf-course-road-gurgaon,301,/insights/villa-interior-cost-guide-gurgaon,near-duplicate of the kept article (same search intent)
/insights/villa-interior-cost-gurgaon-guide,301,/insights/villa-interior-cost-guide-gurgaon,near-duplicate of the kept article (same search intent)
/insights/villa-interior-design-cost-guide-golf-course-extension,301,/insights/villa-interior-cost-guide-gurgaon,near-duplicate of the kept article (same search intent)
/insights/modern-villa-interior-cost-south-delhi,301,/insights/villa-interior-cost-south-delhi-guide,near-duplicate of the kept article (same search intent)
/insights/villa-interior-cost-guide-south-delhi,301,/insights/villa-interior-cost-south-delhi-guide,near-duplicate of the kept article (same search intent)
/insights/avoid-mistakes-modern-villa-designer-gurgaon,301,/insights/villa-interior-design-gurgaon-mistakes,near-duplicate of the kept article (same search intent)
/insights/avoid-mistakes-villa-design-gurgaon,301,/insights/villa-interior-design-gurgaon-mistakes,near-duplicate of the kept article (same search intent)
/insights/avoiding-costly-mistakes-in-villa-interior-design,301,/insights/villa-interior-design-gurgaon-mistakes,near-duplicate of the kept article (same search intent)
/insights/golf-course-road-residential-design-mistakes,301,/insights/villa-interior-design-gurgaon-mistakes,near-duplicate of the kept article (same search intent)
/insights/luxury-interior-designer-pitfalls-golf-course-extension-road,301,/insights/villa-interior-design-gurgaon-mistakes,near-duplicate of the kept article (same search intent)
/insights/villa-interior-mistakes-gurgaon,301,/insights/villa-interior-design-gurgaon-mistakes,near-duplicate of the kept article (same search intent)
/insights/hiring-residential-designer-golf-course-extension-road,301,/insights/villa-interior-designer-golf-course-extension-road,near-duplicate of the kept article (same search intent)
/insights/avoiding-villa-renovation-mistakes,301,/insights/villa-renovation-mistakes-south-delhi,near-duplicate of the kept article (same search intent)
/insights/villa-designer-mistakes-south-delhi,301,/insights/villa-renovation-mistakes-south-delhi,near-duplicate of the kept article (same search intent)
/insights/custom-wardrobe-material-comparison,301,/insights/wardrobe-material-comparison-delhi-ncr,near-duplicate of the kept article (same search intent)
/insights/wardrobe-material-cost-delhi,301,/insights/wardrobe-material-comparison-delhi-ncr,near-duplicate of the kept article (same search intent)
/insights/affordable-luxury-interior-design-delhi-ncr-case-study-case-study,301,/insights,"claims a project, budget, experience or city Indeva cannot verify — delete the folder once redirected"
/insights/bespoke-interior-design-ideas-indian-homes,301,/insights,"claims a project, budget, experience or city Indeva cannot verify — delete the folder once redirected"
/insights/best-interior-designer-dehradun-farmhouse-step-by-step,301,/insights,"claims a project, budget, experience or city Indeva cannot verify — delete the folder once redirected"
/insights/best-luxury-interior-designers-near-me-delhi-case-case-study,301,/insights,"claims a project, budget, experience or city Indeva cannot verify — delete the folder once redirected"
/insights/couple-bedroom-interior-design-delhi-case-study-style,301,/insights,"claims a project, budget, experience or city Indeva cannot verify — delete the folder once redirected"
/insights/high-end-cafe-and-restaurant-design-delhi-case-case-study,301,/insights,"claims a project, budget, experience or city Indeva cannot verify — delete the folder once redirected"
/insights/interior-design-services-delhi-ncr-reviews-step-by,301,/insights,"claims a project, budget, experience or city Indeva cannot verify — delete the folder once redirected"
/insights/interior-designer-in-gurgaon-villa,301,/insights,"claims a project, budget, experience or city Indeva cannot verify — delete the folder once redirected"
/insights/interior-designer-sonipat-ncr-expert-opinion-expert-perspective,301,/insights,"claims a project, budget, experience or city Indeva cannot verify — delete the folder once redirected"
/insights/kids-bedroom-luxury-design-ideas-india-case-study,301,/insights,"claims a project, budget, experience or city Indeva cannot verify — delete the folder once redirected"
/insights/living-room-interior-cost-estimate-delhi-case-study,301,/insights,"claims a project, budget, experience or city Indeva cannot verify — delete the folder once redirected"
/insights/luxury-bedroom-design-cost-delhi-ncr-case-study-case-study,301,/insights,"claims a project, budget, experience or city Indeva cannot verify — delete the folder once redirected"
/insights/luxury-farmhouse-design-delhi-ncr-case-study-case,301,/insights,"claims a project, budget, experience or city Indeva cannot verify — delete the folder once redirected"
/insights/luxury-living-room-interior-design-delhi-case-study,301,/insights,"claims a project, budget, experience or city Indeva cannot verify — delete the folder once redirected"
/insights/luxury-villa-interior-designer-gurgaon-case-study,301,/insights,"claims a project, budget, experience or city Indeva cannot verify — delete the folder once redirected"
/insights/modern-villa-design-ideas-indian-homes,301,/insights,"claims a project, budget, experience or city Indeva cannot verify — delete the folder once redirected"
/insights/modern-villa-design-ideas-indian-homes-case-study,301,/insights,"claims a project, budget, experience or city Indeva cannot verify — delete the folder once redirected"
/insights/restaurant-ambience-design-cost-india-case-study-style,301,/insights,"claims a project, budget, experience or city Indeva cannot verify — delete the folder once redirected"
/insights/restaurant-interior-design-cost-delhi-case-study,301,/insights,"claims a project, budget, experience or city Indeva cannot verify — delete the folder once redirected"
/insights/restaurant-interior-design-cost-delhi-expert-insights,301,/insights,"claims a project, budget, experience or city Indeva cannot verify — delete the folder once redirected"
/insights/restaurant-interior-designer-delhi-ncr-case-study,301,/insights,"claims a project, budget, experience or city Indeva cannot verify — delete the folder once redirected"
/insights/sonipat-ncr-interior-designer-insights,301,/insights,"claims a project, budget, experience or city Indeva cannot verify — delete the folder once redirected"
/insights/luxury-bedroom-design-ideas-india-cost-guide,noindex,,"thin / title-content mismatch — rewrite with real expertise, then remove from noindex"
/insights/fine-dining-restaurant-design-ideas-step-by-step,noindex,,"thin / title-content mismatch — rewrite with real expertise, then remove from noindex"
/insights/living-room-tv-unit-design-ideas-cost-guide,noindex,,"thin / title-content mismatch — rewrite with real expertise, then remove from noindex"
/insights/luxury-bedroom-design-cost-delhi-ncr-mistakes-avoid,noindex,,"thin / title-content mismatch — rewrite with real expertise, then remove from noindex"
/insights/sofa-set-design-ideas-indian-living-room-cost,noindex,,"thin / title-content mismatch — rewrite with real expertise, then remove from noindex"
/insights/false-ceiling-design-living-room,noindex,,"thin / title-content mismatch — rewrite with real expertise, then remove from noindex"
/insights/high-end-cafe-design-delhi-design-ideas,noindex,,"thin / title-content mismatch — rewrite with real expertise, then remove from noindex"
/insights/luxury-restaurant-interior-design,noindex,,"thin / title-content mismatch — rewrite with real expertise, then remove from noindex"
/insights/premium-master-suite-design-ideas,noindex,,"thin / title-content mismatch — rewrite with real expertise, then remove from noindex"
/insights/luxury-home-interior-design-cost-delhi-2025-mistakes,noindex,,"thin / title-content mismatch — rewrite with real expertise, then remove from noindex"
/insights/farmhouse-living-room-design-ideas-india-step-by,noindex,,"thin / title-content mismatch — rewrite with real expertise, then remove from noindex"
/insights/modern-cafe-interior-design-delhi-ncr-cost-guide,noindex,,"thin / title-content mismatch — rewrite with real expertise, then remove from noindex"
/insights/premium-restaurant-design-ideas-design-ideas,noindex,,"thin / title-content mismatch — rewrite with real expertise, then remove from noindex"
/insights/weekend-farmhouse-interior-design-gurgaon-costs-cost-budget,noindex,,"thin / title-content mismatch — rewrite with real expertise, then remove from noindex"
/insights/master-bedroom-interior-design,noindex,,"thin / title-content mismatch — rewrite with real expertise, then remove from noindex"
/insights/sonipat-farmhouse-interior-design-cost,noindex,,"thin / title-content mismatch — rewrite with real expertise, then remove from noindex"
/insights/luxury-villa-bedroom-design-ideas-india-design-ideas-design-ideas,noindex,,"thin / title-content mismatch — rewrite with real expertise, then remove from noindex"
/insights/living-room-interior-cost-estimate-delhi,noindex,,"thin / title-content mismatch — rewrite with real expertise, then remove from noindex"
/insights/rustic-luxury-farmhouse-design-delhi-cost-guide,noindex,,"thin / title-content mismatch — rewrite with real expertise, then remove from noindex"
/insights/wardrobe-design-ideas-for-bedroom-india-design-ideas,noindex,,"thin / title-content mismatch — rewrite with real expertise, then remove from noindex"
/insights/luxury-interior-design-company-noida,noindex,,"thin / title-content mismatch — rewrite with real expertise, then remove from noindex"
/insights/premium-living-room-design,noindex,,"thin / title-content mismatch — rewrite with real expertise, then remove from noindex"
/insights/bespoke-interior-design-ideas-for-indian-homes-design,noindex,,"thin / title-content mismatch — rewrite with real expertise, then remove from noindex"
/insights/premium-interior-designers-delhi-ncr-step-by-step,noindex,,"thin / title-content mismatch — rewrite with real expertise, then remove from noindex"
/insights/contemporary-interior-design-trends-india-2025-cost-budget-cost-guide,noindex,,"thin / title-content mismatch — rewrite with real expertise, then remove from noindex"
/insights/full-home-interior-design-cost-gurgaon,noindex,,"thin / title-content mismatch — rewrite with real expertise, then remove from noindex"
/insights/farmhouse-bedroom-interior-design-india-expert-insights,noindex,,"thin / title-content mismatch — rewrite with real expertise, then remove from noindex"
/insights/flat-interior-design-delhi-cost-per-sqft-step,noindex,,"thin / title-content mismatch — rewrite with real expertise, then remove from noindex"
/insights/luxury-villa-interior-design-ideas,noindex,,"thin / title-content mismatch — rewrite with real expertise, then remove from noindex"
/insights/villa-interior-design-cost-delhi-ncr-expert-perspective,noindex,,"thin / title-content mismatch — rewrite with real expertise, then remove from noindex"
/insights/bedroom-false-ceiling-design-ideas-india-mistakes-to,noindex,,"thin / title-content mismatch — rewrite with real expertise, then remove from noindex"
/insights/contemporary-villa-living-room-design-india-expert-perspective,noindex,,"thin / title-content mismatch — rewrite with real expertise, then remove from noindex"
/insights/high-end-interior-design-mistakes,noindex,,"thin / title-content mismatch — rewrite with real expertise, then remove from noindex"
/insights/modern-farmhouse-interior-design-cost-cost-guide,noindex,,"thin / title-content mismatch — rewrite with real expertise, then remove from noindex"
/insights/farmhouse-interior-design-ideas-india-cost-guide,noindex,,"thin / title-content mismatch — rewrite with real expertise, then remove from noindex"
/insights/restaurant-interior-design-cost-guide,noindex,,"thin / title-content mismatch — rewrite with real expertise, then remove from noindex"
/insights/bespoke-villa-interior-design-noida-mistakes-mistakes-to,noindex,,"thin / title-content mismatch — rewrite with real expertise, then remove from noindex"
/insights/modern-living-room-design-mistakes,noindex,,"thin / title-content mismatch — rewrite with real expertise, then remove from noindex"
/insights/open-plan-living-room-design-india-cost-guide,noindex,,"thin / title-content mismatch — rewrite with real expertise, then remove from noindex"
/insights/farmhouse-villa-interior-design-gurgaon-mistakes-mistakes-to,noindex,,"thin / title-content mismatch — rewrite with real expertise, then remove from noindex"
/insights/luxury-living-room-interior-design-delhi-cost-guide-cost-guide,noindex,,"thin / title-content mismatch — rewrite with real expertise, then remove from noindex"
/insights/fine-dining-restaurant-design-ideas-india-expert-perspective,noindex,,"thin / title-content mismatch — rewrite with real expertise, then remove from noindex"
/insights/living-room-tv-unit-design-ideas-india-design,noindex,,"thin / title-content mismatch — rewrite with real expertise, then remove from noindex"
/insights/luxury-bedroom-design-ideas-india,noindex,,"thin / title-content mismatch — rewrite with real expertise, then remove from noindex"
/insights/plotted-home-interior-design-sonipat-design-ideas,noindex,,"thin / title-content mismatch — rewrite with real expertise, then remove from noindex"
/insights/luxury-restaurant-interior-design-cost,noindex,,"thin / title-content mismatch — rewrite with real expertise, then remove from noindex"
/insights/sofa-set-design-ideas-indian-living-room-design,noindex,,"thin / title-content mismatch — rewrite with real expertise, then remove from noindex"
/insights/false-ceiling-design-for-living-room-india-expert,noindex,,"thin / title-content mismatch — rewrite with real expertise, then remove from noindex"
/insights/luxury-home-interior-design-cost-delhi-2025-cost-cost-guide,noindex,,"thin / title-content mismatch — rewrite with real expertise, then remove from noindex"
/insights/luxury-farmhouse-design-delhi-ncr-ideas-design-ideas,noindex,,"thin / title-content mismatch — rewrite with real expertise, then remove from noindex"
/insights/farmhouse-living-room-design-ideas-india,noindex,,"thin / title-content mismatch — rewrite with real expertise, then remove from noindex"
/insights/best-luxury-interior-designers-near-me,noindex,,"thin / title-content mismatch — rewrite with real expertise, then remove from noindex"
/insights/affordable-luxury-interior-design-delhi-ncr-cost-budget,noindex,,"thin / title-content mismatch — rewrite with real expertise, then remove from noindex"
/insights/premium-master-suite-design,noindex,,"thin / title-content mismatch — rewrite with real expertise, then remove from noindex"
/insights/weekend-farmhouse-interior-design-mistakes,noindex,,"thin / title-content mismatch — rewrite with real expertise, then remove from noindex"
/insights/modern-cafe-interior-design-cost,noindex,,"thin / title-content mismatch — rewrite with real expertise, then remove from noindex"
/insights/interior-design-delhi-ncr-mistakes,noindex,,"thin / title-content mismatch — rewrite with real expertise, then remove from noindex"
/insights/premium-restaurant-design-ideas-india-2025-cost-budget-cost-guide,noindex,,"thin / title-content mismatch — rewrite with real expertise, then remove from noindex"
/insights/master-bedroom-interior-design-ideas-india-expert-perspective,noindex,,"thin / title-content mismatch — rewrite with real expertise, then remove from noindex"
/insights/kids-bedroom-luxury-design-ideas-india-step-by,noindex,,"thin / title-content mismatch — rewrite with real expertise, then remove from noindex"
/insights/restaurant-interior-designer-delhi-ncr-cost-guide,noindex,,"thin / title-content mismatch — rewrite with real expertise, then remove from noindex"
/insights/farmhouse-interior-designer-sonipat,noindex,,"thin / title-content mismatch — rewrite with real expertise, then remove from noindex"
/insights/wardrobe-design-ideas-india,noindex,,"thin / title-content mismatch — rewrite with real expertise, then remove from noindex"
/insights/rustic-luxury-farmhouse-design-delhi-expert-insights,noindex,,"thin / title-content mismatch — rewrite with real expertise, then remove from noindex"
/insights/luxury-villa-bedroom-design-ideas-india-design-ideas,noindex,,"thin / title-content mismatch — rewrite with real expertise, then remove from noindex"
/insights/luxury-interior-design-company-noida-mistakes-mistakes-to,noindex,,"thin / title-content mismatch — rewrite with real expertise, then remove from noindex"
/insights/restaurant-ambience-design-cost-india-design-ideas-inspiration,noindex,,"thin / title-content mismatch — rewrite with real expertise, then remove from noindex"
/insights/premium-interior-designers-delhi-ncr,noindex,,"thin / title-content mismatch — rewrite with real expertise, then remove from noindex"
/insights/contemporary-interior-design-trends-india-2025-cost-budget,noindex,,"thin / title-content mismatch — rewrite with real expertise, then remove from noindex"
/insights/full-home-interior-design-cost-gurgaon-step-by,noindex,,"thin / title-content mismatch — rewrite with real expertise, then remove from noindex"
/insights/farmhouse-kitchen-design-ideas-india-design-ideas-inspiration-design-ideas,noindex,,"thin / title-content mismatch — rewrite with real expertise, then remove from noindex"
/insights/affordable-luxury-interior-design-delhi-ncr,noindex,,"thin / title-content mismatch — rewrite with real expertise, then remove from noindex"
/insights/bedroom-false-ceiling-design-ideas-india-step-by,noindex,,"thin / title-content mismatch — rewrite with real expertise, then remove from noindex"
/insights/bespoke-interior-design-ideas,noindex,,"thin / title-content mismatch — rewrite with real expertise, then remove from noindex"
/insights/bespoke-villa-interior-design-noida,noindex,,"thin / title-content mismatch — rewrite with real expertise, then remove from noindex"
/insights/bespoke-villa-interior-design-noida-cost,noindex,,"thin / title-content mismatch — rewrite with real expertise, then remove from noindex"
/insights/contemporary-villa-living-room-design-cost-guide,noindex,,"thin / title-content mismatch — rewrite with real expertise, then remove from noindex"
/insights/couple-bedroom-interior-design-delhi,noindex,,"thin / title-content mismatch — rewrite with real expertise, then remove from noindex"
/insights/delhi-farmhouse-interior-design-cost,noindex,,"thin / title-content mismatch — rewrite with real expertise, then remove from noindex"
/insights/false-ceiling-design-cost-guide,noindex,,"thin / title-content mismatch — rewrite with real expertise, then remove from noindex"
/insights/farmhouse-bedroom-interior-design-cost,noindex,,"thin / title-content mismatch — rewrite with real expertise, then remove from noindex"
/insights/farmhouse-bedroom-interior-design-india,noindex,,"thin / title-content mismatch — rewrite with real expertise, then remove from noindex"
/insights/farmhouse-interior-design-ideas-india,noindex,,"thin / title-content mismatch — rewrite with real expertise, then remove from noindex"
/insights/farmhouse-interior-design-mistakes,noindex,,"thin / title-content mismatch — rewrite with real expertise, then remove from noindex"
/insights/farmhouse-interior-design-sonipat,noindex,,"thin / title-content mismatch — rewrite with real expertise, then remove from noindex"
/insights/farmhouse-interior-designer-mistakes,noindex,,"thin / title-content mismatch — rewrite with real expertise, then remove from noindex"
/insights/farmhouse-living-room-design-ideas,noindex,,"thin / title-content mismatch — rewrite with real expertise, then remove from noindex"
/insights/farmhouse-villa-interior-design-gurgaon,noindex,,"thin / title-content mismatch — rewrite with real expertise, then remove from noindex"
/insights/fine-dining-restaurant-design-ideas,noindex,,"thin / title-content mismatch — rewrite with real expertise, then remove from noindex"
/insights/flat-interior-design-delhi-cost-per-sqft,noindex,,"thin / title-content mismatch — rewrite with real expertise, then remove from noindex"
/insights/gurgaon-villa-interior-designer-cost,noindex,,"thin / title-content mismatch — rewrite with real expertise, then remove from noindex"
/insights/high-end-cafe-design-delhi,noindex,,"thin / title-content mismatch — rewrite with real expertise, then remove from noindex"
/insights/high-end-interior-design-services,noindex,,"thin / title-content mismatch — rewrite with real expertise, then remove from noindex"
/insights/high-end-interior-design-services-india-cost-guide,noindex,,"thin / title-content mismatch — rewrite with real expertise, then remove from noindex"
/insights/interior-design-services-delhi-ncr-reviews-cost-budget,noindex,,"thin / title-content mismatch — rewrite with real expertise, then remove from noindex"
/insights/interior-designer-for-villa-in-gurgaon,noindex,,"thin / title-content mismatch — rewrite with real expertise, then remove from noindex"
/insights/interior-designer-sonipat-ncr,noindex,,"thin / title-content mismatch — rewrite with real expertise, then remove from noindex"
/insights/living-room-interior-cost-delhi,noindex,,"thin / title-content mismatch — rewrite with real expertise, then remove from noindex"
/insights/living-room-interior-cost-estimate,noindex,,"thin / title-content mismatch — rewrite with real expertise, then remove from noindex"
/insights/living-room-tv-unit-design-ideas-india-step,noindex,,"thin / title-content mismatch — rewrite with real expertise, then remove from noindex"
/insights/living-room-tv-unit-design-mistakes,noindex,,"thin / title-content mismatch — rewrite with real expertise, then remove from noindex"
/insights/luxury-bedroom-design-cost-delhi-ncr-step-by,noindex,,"thin / title-content mismatch — rewrite with real expertise, then remove from noindex"
/insights/luxury-bedroom-design-ideas,noindex,,"thin / title-content mismatch — rewrite with real expertise, then remove from noindex"
/insights/luxury-bedroom-design-mistakes,noindex,,"thin / title-content mismatch — rewrite with real expertise, then remove from noindex"
/insights/luxury-farmhouse-design-delhi-ncr,noindex,,"thin / title-content mismatch — rewrite with real expertise, then remove from noindex"
/insights/luxury-farmhouse-design-delhi-ncr-cost,noindex,,"thin / title-content mismatch — rewrite with real expertise, then remove from noindex"
/insights/luxury-interior-design-noida,noindex,,"thin / title-content mismatch — rewrite with real expertise, then remove from noindex"
/insights/luxury-interior-designers-near-me-delhi,noindex,,"thin / title-content mismatch — rewrite with real expertise, then remove from noindex"
/insights/luxury-restaurant-interior-design-india,noindex,,"thin / title-content mismatch — rewrite with real expertise, then remove from noindex"
/insights/luxury-villa-bedroom-design-ideas-india-step-by,noindex,,"thin / title-content mismatch — rewrite with real expertise, then remove from noindex"
/insights/luxury-villa-interior-design-india,noindex,,"thin / title-content mismatch — rewrite with real expertise, then remove from noindex"
/insights/master-bedroom-interior-design-ideas,noindex,,"thin / title-content mismatch — rewrite with real expertise, then remove from noindex"
/insights/modern-cafe-interior-design-delhi-ncr-costs-cost,noindex,,"thin / title-content mismatch — rewrite with real expertise, then remove from noindex"
/insights/modern-farmhouse-interior-design-cost-india-design-ideas,noindex,,"thin / title-content mismatch — rewrite with real expertise, then remove from noindex"
/insights/modern-living-room-design-ideas-india,noindex,,"thin / title-content mismatch — rewrite with real expertise, then remove from noindex"
/insights/modern-villa-design-ideas,noindex,,"thin / title-content mismatch — rewrite with real expertise, then remove from noindex"
/insights/open-plan-living-room-design-ideas,noindex,,"thin / title-content mismatch — rewrite with real expertise, then remove from noindex"
/insights/open-plan-living-room-design-india,noindex,,"thin / title-content mismatch — rewrite with real expertise, then remove from noindex"
/insights/open-plan-living-room-design-india-ideas-design,noindex,,"thin / title-content mismatch — rewrite with real expertise, then remove from noindex"
/insights/premium-interior-designers-delhi-ncr-cost-guide-cost,noindex,,"thin / title-content mismatch — rewrite with real expertise, then remove from noindex"
/insights/premium-living-room-design-gurgaon,noindex,,"thin / title-content mismatch — rewrite with real expertise, then remove from noindex"
/insights/premium-living-room-design-gurgaon-cost-guide,noindex,,"thin / title-content mismatch — rewrite with real expertise, then remove from noindex"
/insights/premium-master-suite-design-cost,noindex,,"thin / title-content mismatch — rewrite with real expertise, then remove from noindex"
/insights/premium-restaurant-design-ideas-india-2025-cost-budget,noindex,,"thin / title-content mismatch — rewrite with real expertise, then remove from noindex"
/insights/restaurant-ambience-design-cost-india-step-by-step,noindex,,"thin / title-content mismatch — rewrite with real expertise, then remove from noindex"
/insights/restaurant-interior-design-cost-delhi,noindex,,"thin / title-content mismatch — rewrite with real expertise, then remove from noindex"
/insights/restaurant-interior-designer-delhi-ncr,noindex,,"thin / title-content mismatch — rewrite with real expertise, then remove from noindex"
/insights/restaurant-interior-designers-gurgaon-design-ideas,noindex,,"thin / title-content mismatch — rewrite with real expertise, then remove from noindex"
/insights/rustic-luxury-farmhouse-design,noindex,,"thin / title-content mismatch — rewrite with real expertise, then remove from noindex"
/insights/rustic-luxury-farmhouse-design-delhi,noindex,,"thin / title-content mismatch — rewrite with real expertise, then remove from noindex"
/insights/sonipat-ncr-interior-design-cost,noindex,,"thin / title-content mismatch — rewrite with real expertise, then remove from noindex"
/insights/top-interior-designers-delhi-farmhouse,noindex,,"thin / title-content mismatch — rewrite with real expertise, then remove from noindex"
/insights/villa-interior-design-cost-delhi-ncr,noindex,,"thin / title-content mismatch — rewrite with real expertise, then remove from noindex"
/insights/villa-interior-designers-delhi-ncr-price,noindex,,"thin / title-content mismatch — rewrite with real expertise, then remove from noindex"
/insights/wardrobe-design-ideas-for-bedroom-india-step-by,noindex,,"thin / title-content mismatch — rewrite with real expertise, then remove from noindex"
/insights/weekend-farmhouse-interior-design-cost,noindex,,"thin / title-content mismatch — rewrite with real expertise, then remove from noindex"
/insights/weekend-farmhouse-interior-design-gurgaon,noindex,,"thin / title-content mismatch — rewrite with real expertise, then remove from noindex"
/insights/step-by-step-vasant-kunj-interior,keep,,
/insights/cost-guide-3bhk-south-delhi,keep,,
/insights/avoid-farmhouse-furniture-mistakes,keep,,
/insights/villa-furniture-cost-guide-south-delhi,keep,,
/insights/hiring-farmhouse-interior-designer-gurgaon,keep,,
/insights/delhi-luxury-interior-cost-guide,keep,,
/insights/hardware-comparison-interior-materials,keep,,
/insights/defence-colony-interior-design-cost-guide,keep,,
/insights/choose-commercial-interior-designer-delhi,keep,,
/insights/friends-colony-interior-design-guide,keep,,
/insights/hire-luxury-designer-panchsheel-park,keep,,
/insights/choose-luxury-farmhouse-designer-delhi,keep,,
/insights/choose-home-interior-designer-vasant-vihar,keep,,
/insights/villa-interior-cost-guide-gurgaon,keep,,
/insights/builder-floor-interior-mistakes-south-delhi,keep,,
/insights/villa-interior-designer-golf-course-extension-road,keep,,
/insights/farmhouse-interior-guide-sohna-road,keep,,
/insights/corporate-interior-designer-gurgaon-cost-guide,keep,,
/insights/modular-kitchen-cost-south-delhi,keep,,
/insights/bungalow-interior-designer-cost-guide-delhi,keep,,
/insights/dda-flat-renovation-cost-guide,keep,,
/insights/penthouse-renovation-mistakes-gurgaon,keep,,
/insights/independent-bungalow-designer-south-delhi-guide,keep,,
/insights/villa-interior-design-gurgaon-mistakes,keep,,
/insights/kitchen-cabinet-material-comparison,keep,,
/insights/dlf-gurgaon-interior-design-cost-guide,keep,,
/insights/villa-interior-cost-guide-sohna-road,keep,,
/insights/common-mistakes-interior-delhi,keep,,
/insights/luxury-interior-designer-greater-kailash-cost-guide,keep,,
/insights/farmhouse-design-mistakes-gurgaon,keep,,
/insights/laminate-comparison-delhi-ncr,keep,,
/insights/office-interior-design-delhi-guide,keep,,
/insights/plywood-hdhmr-comparison-delhi-ncr,keep,,
/insights/hiring-home-interior-designer-hauz-khas,keep,,
/insights/commercial-designer-mistakes-south-delhi,keep,,
/insights/cost-guide-residential-interior-designer-new-gurgaon,keep,,
/insights/best-plywood-wardrobe-guide,keep,,
/insights/penthouse-interior-cost-gurgaon-guide,keep,,
/insights/read-interior-design-boq-guide,keep,,
/insights/villa-interior-cost-south-delhi-guide,keep,,
/insights/cost-guide-1bhk-interior-designer-south-delhi,keep,,
/insights/villa-interior-design-south-delhi-guide,keep,,
/insights/avoid-mistakes-custom-wardrobe-gurgaon,keep,,
/insights/avoid-mistakes-custom-furniture-delhi,keep,,
/insights/avoid-turnkey-mistakes-delhi,keep,,
/insights/false-ceiling-lighting-guide-delhi-ncr,keep,,
/insights/avoid-costly-mistakes-interior-execution-gurgaon,keep,,
/insights/interior-design-cost-gurgaon,keep,,
/insights/drawer-channel-comparison-india,keep,,
/insights/cost-guide-cafe-interior-south-delhi,keep,,
/insights/bungalow-makeover-maharani-bagh,keep,,
/insights/farmhouse-furniture-cost-guide-gurgaon,keep,,
/insights/wardrobe-material-comparison-delhi-ncr,keep,,
/insights/2-bhk-interior-cost-south-delhi-guide,keep,,
/insights/luxury-interior-mistakes-new-gurgaon,keep,,
/insights/farmhouse-renovation-sainik-farms-guide,keep,,
/insights/veneer-laminate-interiors-comparison,keep,,
/insights/villa-renovation-mistakes-south-delhi,keep,,
/insights/2-bhk-interior-cost-gurgaon-guide,keep,,
/insights/hdhmr-vs-plywood-wardrobe-guide,keep,,
/insights/hdhmr-plywood-kitchen-comparison,keep,,
/insights/4-bhk-interior-cost-gurgaon-guide,keep,,
/insights/budget-bespoke-furniture-delhi-cost-guide,keep,,
/insights/best-plywood-brands-india-comparison,keep,,
/insights/penthouse-renovation-gurgaon-guide,keep,,
/insights/estimate-3bhk-interior-gurgaon,keep,,
/insights/interior-execution-mistakes-delhi,keep,,
/insights/solid-vs-engineered-wood-flooring-guide,keep,,
/insights/restaurant-interior-cost-guide-gurgaon,keep,,
/insights/interior-boq-vs-quotation-guide,keep,,
/insights/villa-furniture-design-gurgaon-guide,keep,,
/insights/cost-guide-commercial-interior-designer-south-delhi,keep,,
/insights/farmhouse-design-south-delhi-mistakes,keep,,
/insights/carcass-construction-guide-delhi-ncr,keep,,
/insights/interior-design-cost-south-delhi-guide,keep,,
/insights/choose-penthouse-furniture-gurgaon,keep,,
/insights/best-flooring-material-indian-homes,keep,,
/insights/marble-tile-flooring-cost-guide,keep,,
/insights/choose-interior-designer-golf-course-road,keep,,
/insights/farmhouse-interior-cost-gurgaon-guide,keep,,
/insights/layered-lighting-material-comparison-delhi-ncr,keep,,
/insights/hire-luxury-villa-designer-south-delhi,keep,,
/insights/farmhouse-interior-cost-south-delhi-guide,keep,,
/insights/material-choice-for-luxury-homes,keep,,
/insights/material-execution-supervision,keep,,
/insights/interior-execution-timeline-india,keep,,
/insights/custom-furniture-construction-guide,keep,,
/insights/renovating-home-in-delhi-ncr,keep,,
/insights/budget-truth-in-indian-interiors,keep,,
/insights/choosing-a-contractor-in-india,keep,,
/insights/colour-follows-conviction-not-trends,keep,,
/insights/execution-is-design,keep,,
/insights/how-we-protect-design-on-site,keep,,
/insights/light-is-not-a-finish-it-is-the-space,keep,,
/insights/perfection-is-the-enemy-of-comfort,keep,,
/insights/the-honest-material-stone-over-stone-effect,keep,,
/insights/the-scale-problem-small-rooms,keep,,
/insights/what-a-good-brief-actually-looks-like,keep,,
/insights/why-most-floor-plans-fail,keep,,
/insights/why-we-refuse-to-start-with-moodboards,keep,,
/insights/avoid-renovation-mistakes-south-delhi,keep,,
/insights/choose-restaurant-designer-south-delhi,keep,,
